Question,Response
"Hello","Hi! How can I help you today?"
"How are you?","I'm just a bot, but I'm doing well!"
"What is your name?","I'm your friendly AI chatbot."
"What can you do?","I can assist you with various tasks and answer your questions."
"Tell me a joke.","Why did the scarecrow win an award? Because he was outstanding in his field!"
"What is the weather like today?","I can't check the weather, but you can use a weather app for that."
"Can you help me with my homework?","Sure! What subject are you working on?"
"What's your favorite color?","I don't have favorites, but I think blue is nice!"
"Who created you?","I was created by a team of talented developers."
"Do you understand multiple languages?","Yes, I can understand and respond in several languages!"
"What time is it?","I don't have a clock, but you can check your device for the time."
"Tell me about yourself.","I'm a chatbot designed to assist and provide information."
"How can I contact support?","You can reach support by emailing support@example.com."
"Do you have any hobbies?","I don't have hobbies, but I love helping people!"
"What is your purpose?","My purpose is to assist users and provide helpful information."
"Can you play games?","I can't play games, but I can suggest some fun ones!"
"What's the capital of France?","The capital of France is Paris."
"How do I reset my password?","To reset your password, follow the link in the login page."
"Can you recommend a movie?","Sure! I recommend watching 'Inception.' It's a great film."
"What's the latest news?","I can't access the news, but you can check news websites for updates."
"How do I bake a cake?","To bake a cake, you need flour, sugar, eggs, and your favorite flavors."
"What's the best way to learn programming?","Practice regularly and work on projects to improve your skills."
"Can you send me an email?","I can't send emails, but I can help you draft one!"
"Tell me a fun fact.","Did you know honey never spoils? Archaeologists have found pots of honey in ancient tombs!"
"What's the meaning of life?","The meaning of life is subjective and can vary from person to person."
"How do I create a chatbot?","You can create a chatbot using various tools and programming languages."
"Can you give me relationship advice?","Communication is key in any relationship. Always be honest!"
"What is AI?","AI stands for Artificial Intelligence, and it refers to machines that can perform tasks that usually require human intelligence."
"Can you translate languages?","Yes, I can help translate simple phrases between languages."
"What's your favorite book?","I don't read books, but I know many popular titles!"
"How can I improve my writing skills?","Read regularly and practice writing every day."
"What should I do if I feel sad?","It's okay to feel sad sometimes. Talking to someone can help."
"How do I stay motivated?","Set small goals and reward yourself when you achieve them."
"Can you tell me about space?","Space is vast and filled with stars, planets, and galaxies. It's fascinating!"
"What's your favorite food?","I don't eat, but pizza is a popular favorite among people!"
"How can I stay healthy?","Eating balanced meals and exercising regularly can help you stay healthy."
"What's the best travel destination?","It depends on your interests! Many love visiting Paris, Tokyo, or New York."
"How do I fix my computer?","Try restarting it first! If that doesn't work, check for error messages."
"What is your favorite movie?","I don't watch movies, but 'The Matrix' is a classic among fans!"
"Can you help me learn a new language?","Sure! I can provide some basic phrases to get you started."
"What's the best way to save money?","Create a budget and track your expenses to save money effectively."
"Do you believe in aliens?","The universe is vast, so many wonder if there are other forms of life out there!"
"What is mindfulness?","Mindfulness is the practice of being present and fully engaged in the moment."
"How do I start a garden?","Choose a location, gather seeds or plants, and ensure they get enough sunlight and water."
"What's your opinion on social media?","Social media can be great for connecting with others, but it has its downsides too."
"How can I improve my public speaking?","Practice regularly and consider joining a public speaking group for support."
"What's the best way to learn math?","Practice solving problems and seek help when needed to understand concepts better."
"Can you give me cooking tips?","Always read the recipe first and prep all ingredients before cooking!"
"What's the secret to happiness?","Finding joy in the little things and nurturing relationships can lead to happiness."
"How do I handle stress?","Take deep breaths, exercise, and talk to someone you trust about your feelings."
"What's the best way to plan a trip?","Research your destination, set a budget, and create an itinerary to stay organized."
"Can you recommend a book?","Sure! 'The Alchemist' by Paulo Coelho is a fantastic read."
"How do I improve my time management skills?","Use planners and prioritize tasks to manage your time effectively."
"What are some healthy snacks?","Fruits, nuts, and yogurt are great healthy snack options."
"How can I learn photography?","Start by practicing with your camera and studying the work of others."
"What should I do if I can't sleep?","Try reading, meditating, or limiting screen time before bed."
"How do I stay focused while studying?","Minimize distractions and take regular breaks to improve focus."
"What's the best exercise for beginners?","Walking, jogging, or simple bodyweight exercises are great for beginners."
"How do I make friends as an adult?","Join clubs or attend events related to your interests to meet new people."
"What are some ways to reduce waste?","Recycle, compost, and choose reusable products to minimize waste."
"Can you help me with my resume?","Sure! I can help you structure your resume and suggest key points."
"What are some tips for a successful job interview?","Research the company, practice common questions, and dress appropriately."
"How can I develop a positive mindset?","Practice gratitude and focus on the good in your life."
"What is the best way to learn a musical instrument?","Consistent practice and taking lessons can help you improve."
"How do I improve my critical thinking skills?","Engage in discussions and analyze information from multiple perspectives."
"What are the benefits of meditation?","Meditation can reduce stress, improve focus, and promote emotional health."
"How can I increase my self-confidence?","Set and achieve small goals to build confidence over time."
"What is the best way to network professionally?","Attend industry events and connect with people on LinkedIn."
"How do I choose the right career path?","Assess your interests and skills, and consider seeking career counseling."
"What's the importance of setting goals?","Setting goals gives you direction and motivation to achieve your aspirations."
"Can you suggest a podcast?","I recommend 'How I Built This' for inspiring stories of entrepreneurs."
"What are some good study habits?","Stay organized, create a study schedule, and take regular breaks."
"How do I balance work and life?","Set boundaries and prioritize time for both work and personal life."
"What are the benefits of volunteering?","Volunteering can provide fulfillment, new skills, and networking opportunities."
"How can I improve my negotiation skills?","Practice active listening and prepare your arguments before negotiations."
"What's the best way to stay informed about current events?","Follow trusted news sources and diversify your information sources."
"What is your opinion on online learning?","Online learning offers flexibility and accessibility but requires self-discipline."
"How can I manage my anxiety?","Consider mindfulness practices and talking to a mental health professional."
"What are the advantages of a plant-based diet?","It can lead to better health, lower environmental impact, and ethical benefits."
"What are some effective study techniques?","Use flashcards, summarization, and practice testing for effective studying."
"How do I create a successful morning routine?","Involve activities that energize you, like exercise and a healthy breakfast."
"What are the key elements of a good story?","Engaging characters, a strong plot, and a clear theme are essential."
"How do I learn to code?","Start with beginner-friendly languages like Python and use online resources."
"Can you help me with budgeting?","Sure! Track your income and expenses, and set savings goals."
"What are some tips for healthy meal prep?","Plan meals, use fresh ingredients, and store portions in containers."
"How do I improve my emotional intelligence?","Reflect on your feelings, empathize with others, and practice active listening."
"What's the best way to explore a new city?","Use public transport, visit local attractions, and try the local cuisine."
